{
	"settings": {
		"color": {
			"palette": [
				{
					"color": "#282953",
					"name": "Accent 1",
					"slug": "accent-1"
				},
				{
					"color": "#7261a8",
					"name": "Accent 2",
					"slug": "accent-2"
				},
				{
					"color": "#11181F",
					"name": "Contrast",
					"slug": "contrast"
				},
				{
					"color": "#ffffff",
					"name": "Base",
					"slug": "base"
				},
				{
					"color": "#f7f7f3",
					"name": "Accent 3",
					"slug": "accent-3"
				},
				{
					"color": "#f29940",
					"name": "Accent 4",
					"slug": "accent-4"
				}
			]
		}
	},
	"styles": {
		"css": "/* Remove block gap between first-level blocks */ :where(.wp-site-blocks) > * { margin-block-start: 0; margin-block-end: 0; }\n\n.pointer {\n  width: auto;\nheight: 40px;\n  position: relative;\n  background: var(--wp--preset--color--accent-4);\n}\n\n.pointer:before {\n  content: \"\";\n  position: absolute;\n  right: -30px;\n  bottom: 0;\n  width: 0;\n  height: 0;\n  border-left: 30px solid var(--wp--preset--color--accent-4);\n  border-top: 20px solid transparent;\n  border-bottom: 20px solid transparent;\n}\n\n.double-hr {\nbackground: var(--wp--preset--color--accent-1);\n  height:3px;\n  border-top:1px solid #ffffff33;\n  border-bottom:1px solid #ffffff33;\n}"
	},
	"title": "Home Run",
	"version": 2,
	"$schema": "https://schemas.wp.org/trunk/theme.json"
}